{
  "users": [
    {
      "email": "test1@gamil.com",
      "password": "$2a$10$4Y.beqiZKpr3r.SzZJSfROrXWBCH7DJd9IHZTOD8nEosrtbiM8dma",
      "firstname": "Krupamani",
      "lastname": "Makana",
      "phoneNo": "9354678976",
      "id": 1
    },
    {
      "email": "test2@gmail.com",
      "password": "$2a$10$9.VGC1FqfmZgZ2pHxQr62.xVyof7YyfEkoY1Hxjc9a2s4gNgZm8Ua",
      "firstname": "test2",
      "lastname": "test2",
      "phoneNo": "9876543456",
      "id": 2
    },
    {
      "email": "test1@gmail.com",
      "password": "$2a$10$t0Fa15xlH2TdSAfmzXFQJ.Lz3feB9eqQ0fbWERyi2/4gnAVDdgsei",
      "firstname": "test1",
      "lastname": "test1",
      "phoneNo": "67788997556",
      "id": 3
    },
    {
      "email": "test3@gmail.com",
      "password": "$2a$10$TZcLO6s/fmQ30jtWx3uUV.t9mF/ahw32cR1KFTbvMoY0Mz.E//U5y",
      "firstname": "test3",
      "lastname": "test3",
      "phoneNo": "9876543456",
      "id": 4
    }
    
  ]
}